URL,Date,Data source,User,Title,Category,,Notes,Log,,,Other facility,,Resolution,Bad attempts,,,,Bad suggestions,,,Votes,,Useless attempts,,Useless suggestion,,Quotations,Misc,,
,,,,,main,sub,,Read log?,Find key log?,Log msg,code,other,,#,actions,,useless,#,action,transfer,negative votes for bad suggestions,positive votes for bad suggestions,#,reason,#,reason,,,,
http://serverfault.com/questions/706351/mysql-replication-without-mysql-table-add-user-to-replicated-database-on-slave,7/16/2015,SF (MYSQL),/users/232579/hyperdevil,,Database ,create user,,Y,Y,1044 - Access denied for user 'root'@'%' to database 'bladiebla',N,N,,0.5,GRANT ALL ON bladiebla.*,,0,0.5,GRANT ALL ON bladiebla.* to root@'%',NA,,,1,X_WRN_PROB,0,,,,,
http://serverfault.com/questions/244072/how-do-i-create-a-read-only-mysql-user-for-backup-purposes-with-mysqldump,3/7/2011,SF (MYSQL),/users/15898/stickmangumby,,Database ,dump,,Y,Y,1044: Access denied for user 'username'@'localhost' to database 'information_schema' when using LOCK TABLES,N,N,,0,,,0,0,,,,,1,X_WRN_PROB,1,WRN_PROB,,,,
http://serverfault.com/questions/303882/mysql-privileges-required-to-grant-event-execute-lock-tables-and-trigger,8/22/2011,SF (MYSQL),/users/52951/brad,,Database ,grant,,Y,Y,Access denied for user 'user_a'@'%' to database 'some_db',N,N,,0,,,0,0,,,,,0,,0,,"With the GRANT OPTION privilege, you can only grant privileges that you have",,,
http://serverfault.com/questions/551096/couldnt-execute-show-events-on-mysqldump,11/6/2013,SF (MYSQL),/users/194768/adrian-ber,,Database ,BUG,,Y,Y,Couldn't execute 'show events': Access denied for user 'user'@'localhost' to database 'performance_schema',N,N,,0,,,0,1,unnecessary grant,N,0,1(1),0,,1,WRN_SUBSYS,,,,
http://dba.stackexchange.com/questions/65751/access-denied-for-user-error-when-creating-a-procedure,5/23/2014,DBA (MYSQL),/users/32911/4m1nh4j1,,Database ,create procedure,,Y,Y,ERROR 1044 (42000) at line 16: Access denied for user,N,N,,0,,,0,0,,,,,0,,0,,,,,
http://dba.stackexchange.com/questions/111502/no-mysql-database-in-mysql-server-how-do-i-give-users-permissions,8/19/2015,DBA (MYSQL),/users/72890/danielsank,,Database ,create table,,Y,Y,ERROR 1044 (42000): Access denied for user 'danielsank'@'localhost' to database 'purchases',N,N,,0,,,0,0,,,,,0,,0,,I am puzzled,"Although this mistake addressed by this answer is fairly elementary, I posted a question-answer because elsewhere on the internet people are advocating ""fixing"" this problem by nuking all of the permissions and starting over.",,
http://serverfault.com/questions/191849/unable-to-connect-to-database-as-created-user-error-1044-42000-access-denie,10/17/2010,SF (MYSQL),/users/54725/siliconpi,,Database ,login,,Y,Y,ERROR 1044 (42000): Access denied for user 'myusername'@'localhost' to database 'mydatabase',N,N,,0.5,GRANT ALL db.*,,0,0,,,,,0,,0,,,,,
http://dba.stackexchange.com/questions/77543/mysql-permission-denied-for-database,9/24/2014,DBA (MYSQL),/users/25809/max,,Database ,login,,Y,Y,ERROR 1044 (42000): Access denied for user 'root'@'%' to database 'abc',N,N,,0.5,GRANT ALL db.*,,0,0.5,GRANT ALL db.*,NA,,,0,,0,,,,,
http://dba.stackexchange.com/questions/78268/updating-mysql-trigger-via-information-schema-access-denied,9/30/2014,DBA (MYSQL),/users/22213/johannes-ernst,,Database ,Information Schema,,Y,Y,ERROR 1044 (42000): Access denied for user 'root'@'localhost' to database 'information_schema',N,N,,0,,,0,0,,,,,0,,0,,,,,
http://dba.stackexchange.com/questions/44327/convert-the-table-processlist-from-innodb-to-myisam,6/11/2013,DBA (MYSQL),/users/24850/fox,,Database ,ALTER,,Y,Y,ERROR 1044 (42000): Access denied for user 'root'@'localhost' to database 'information_schema',N,N,,0,,,0,0,,,,,0,,1,WRONG_PROB,"There is no way, because they are virtual tables",,,
http://serverfault.com/questions/168112/grant-database-user-folder-access,8/7/2010,SF (MYSQL),/users/41722/pj,,Database ,select,,Y,Y,#1045 - Access denied for user '[username]'@'localhost' (using password: YES),N,N,,0.5,GRANT ALL db.*,,0,0.5,GRANT ALL db.*,NA,,,1,X_WRN_SUBSYS,0,,How would I go about granting access to this user to create a file on the server?,That error has nothing to do with file or directory permissions.,,
http://dba.stackexchange.com/questions/127003/cant-access-mysql-database-with-created-user-through-dll,1/22/2016,DBA (MYSQL),/users/81280/sconz2,,Database ,LOAD DATA INFILE,,Y,Y,Access denied for user '####'@'%' (using password: YES),N,N,,1,GRANT ALL db.* (unnecessary),OVERGRANT_PRIV,1,0,,,,,1,X_WRN_PERM,0,,all privileges available at a given privilege level,does ALL includes FILE?,,
http://serverfault.com/questions/64723/php-and-mysql-remote-host,9/12/2009,SF (MYSQL),/users/3320/alex,,Database ,login,,Y,Y,Access denied for user 'root'@'10.1.1.1' (using password: YES),N,N,,0.5,GRANT ALL db.*,,0,0.5,GRANT ALL db.*,NA,,,0,,0,,,,,
http://serverfault.com/questions/342080/cannot-connect-to-a-mysql-server-using-mysql-workbench-with-no-apparent-reason,12/16/2011,SF (MYSQL),/users/104617/johnny-bigoode,,Database ,login,,Y,Y,Access denied for user 'root'@'172.29.70.25' (using password: YES),N,N,,1,"GRANT ALL PRIVILEGES ON *.* TO root@""%"" IDENTIFIED BY '1234';",OVERGRANT_PRIV,1,0,,,,,0,,1,WRN_SUBSYS,"The only solution I found was reformating the server. Not the best answer, but due to time constrains I couldn't do anything else.",,,
http://serverfault.com/questions/487535/how-to-allow-mysql-remote-access-from-a-dynamic-ip,3/13/2013,SF (MYSQL),/users/164422/tom-collins,,Database ,login,,Y,Y,Access denied for user 'root'@'c-67-166-150-41.hsd1.ca.comcast.net' (using password: YES),N,N,,1,GRANT ALL %,OVERGRANT_PRIV,0,1,GRANT ALL %,Y,0,1(7),1,,0,,http://dev.mysql.com/doc/refman/5.1/en/adding-users.html,"While this will work, permitting everything % or %comcast.net seems like a bad idea.",But additionally a DB should NEVER be exposed on the internet even with strong auth.,"Yes, it does seem like bad practice, but it's a quick and easy solution right now."
http://serverfault.com/questions/614094/mysql-access-denied-error-when-connecting-via-ssh-tunnel,7/21/2014,SF (MYSQL),/users/143947/adam,,Database ,login,,Y,Y,Access denied for user 'root'@'localhost' (using password: YES),N,N,,0,,,0,0,,,,,2,X_WRN_SUBSYS;X_WRN_PERM,1,WRN_SUBSYS,,,,
http://serverfault.com/questions/263186/access-denied-for-user-rootservername-using-password-no-except-i-am,4/25/2011,SF (MYSQL),/users/67258/db2,,Database ,login,,Y,Y,Access denied for user 'root'@'servername' (using password: NO),N,N,,0.5,GRANT ALL db.*,,0,0.5,GRANT ALL db.*,NA,,,1,X_WRN_SUBSYS,3,BLIND_GUNSHOT,"question, when it do ""host"" not allowed and whne it do #1045?",,,
http://serverfault.com/questions/297207/mysql-access-denied-with-here-document,8/3/2011,SF (MYSQL),/users/76508/nick,,Database ,FILE,,Y,Y,ERROR 1045 (28000) at line 3: Access denied for user 'username'@'localhost',N,N,,0,,,0,0,,,,,0,,2,WRN_SUBSYS;WRN_PARAM,You need FILE privilege to import data from file,,,
http://dba.stackexchange.com/questions/10852/mysql-error-access-denied-for-user-alocalhost-using-password-yes,1/18/2012,DBA (MYSQL),/users/2319/ogrish-man,,Database ,ORDER,,Y,Y,ERROR 1045 (28000): Access denied for user 'a'@'localhost' (using password: YES),N,N,,0,,,0,0,,,,,1,X_WRN_SUBSYS,4,BLIND_GUNSHOT;WRONG_SUBSYS;WRONG_PROB;WRONG_PROB,,,,
http://serverfault.com/questions/457650/access-denied-to-mysql-cause-by-invalid-server-hostname-bind-address,12/13/2012,SF (MYSQL),/users/146558/pelang,,Database ,login,,Y,Y,ERROR 1045 (28000): Access denied for user 'admin'@'localhost' (using password: YES),N,N,,0,,,0,1,skip-grant-table,N,0,1(2),0,,0,,,,,
http://serverfault.com/questions/720444/mysql-remote-server-connection-fails,9/6/2015,SF (MYSQL),/users/201660/tzook-bar-noy,,Database ,login,,Y,Y,ERROR 1045 (28000): Access denied for user 'bob'@'192.168.40.1' (using password: YES),N,N,,1,GRANT ALL PRIVILEGES ON *.* TO 'bob'@'192.168.40.1';,OVERGRANT_PRIV,1,1,too big priv,Y,0,1(4),1,X_WRN_PARAM,0,,using 'bob'@'%' may be convenient but it's not good practice especially when you know that bob is connecting from 192.168.40.1,"I'm working on this for 4 days and I know it is all over google, but I did all the required stuff but still no connection.",,
http://serverfault.com/questions/386903/mysql-grant-option,5/8/2012,SF (MYSQL),/users/55921/johannes-ernst,,Database ,grant,,Y,Y,ERROR 1045 (28000): Access denied for user 'debian-sys-maint'@'localhost' (using password: YES),N,N,,0,,,0,0,,,,,0,,0,,It's lacking the CREATE TABLESPACEprivilege.,PASSWORD is there!!!,,
http://dba.stackexchange.com/questions/17029/cannot-output-mysql-data-to-file,4/24/2012,DBA (MYSQL),/users/2781/dotancohen,,Database ,FILE,,Y,Y,ERROR 1045 (28000): Access denied for user 'gs'@'localhost' (using password: YES),N,N,,1,777,DISABLE_PROT,1,0,,,,,1,X_WRN_SUBSYS,0,,,,,
http://dba.stackexchange.com/questions/119254/my-root-account-has-been-deleted-for-unknown-reason-how-to-recover,10/26/2015,DBA (MYSQL),/users/79029/mohamed,,Database ,GRANT,,Y,Y,ERROR 1045 (28000): access denied for user 'john91'@'localhost' (using password: YES),N,N,,1,GRANT ALL *.*,OVERGRANT_PRIV,0,0,,,,,0,,0,,,,,
http://serverfault.com/questions/465873/creating-new-mysql-user-password-and-privileges-not-sticking,1/10/2013,SF (MYSQL),/users/85419/steve-perkins,,Database ,login,,Y,Y,ERROR 1045 (28000): Access denied for user 'myuser'@'localhost' (using password: YES),N,N,,0,,,0,0,,,,,0,,0,,You have an anonymose user for localhost and that anonymous user don't have any password.,,,
http://dba.stackexchange.com/questions/123934/mysql-cant-login-and-or-reset-password,12/17/2015,DBA (MYSQL),/users/82840/pacholik,,Database ,login,,Y,Y,ERROR 1045 (28000): Access denied for user 'ODBC'@'localhost' (using password: NO),N,N,,0,,,0,0,,,,,0,,1,WRN_PROB,"There are many similar questions, but none of them have helped me.",,,
http://dba.stackexchange.com/questions/125095/cannot-login-to-mysql-remotely,1/4/2016,DBA (MYSQL),/users/83770/doej,,Database ,login,,Y,Y,ERROR 1045 (28000): Access denied for user 'power'@'yoda.er.com' (using password: YES),N,N,,1,GRANT ALL (unecessary),OVERGRANT_PRIV,1,0,,,,,1,X_WRN_SUBSYS,4,WRN_PROB;WRN_PARAM;WRN_SUBSYS;WRN_SUBSYS,"I don't know if this in new or a setting I have without knowing but, adding an IP grant means no password needed (for years it was to have any access at all).",,,
http://dba.stackexchange.com/questions/16397/cannot-grant-privileges-as-root,4/12/2012,DBA (MYSQL),/users/8070/maaartinus,,Database ,GRANT,,Y,Y,ERROR 1045 (28000): Access denied for user 'root'@'localhost',N,N,,0,,,0,0,,,,,0,,1,WRN_PROB,,,,
http://serverfault.com/questions/343159/mysql-5-5-19-gets-error-1045-28000,6/21/2011,SF (MYSQL),/users/102161/user1062058,,Database ,login,,Y,Y,ERROR 1045 (28000): Access denied for user 'root'@'localhost' (using password: NO),N,N,,0,not sure whether he set back or not,,0,0,,,,,0,,0,,http://dev.mysql.com/doc/refman/5.0/en/resetting-permissions.html,,,
http://serverfault.com/questions/230012/mysql-access-denied-for-user-rootx-x-x-x,1/31/2011,SF (MYSQL),/users/36300/bragboy,,Database ,login,,Y,Y,ERROR 1045 (28000): Access denied for user 'root'@'x.x.x.x' (using password: YES),N,N,,3,"no root password, grant all *.*; comment bind_ip","DISABLE_PROT, DISABLE_PROT, OVERGRANT_PRIV",0,2,"no root passwd, grant all *.*",Y,0;0,0;1(14),1,X_WRN_SUBSYS,2,BLIND_GUNSHOT; WRN_SUBSYS,"after commenting the binding_address in the my.cnf file and restarting the mysql server, I am now able to hit it",,,
http://serverfault.com/questions/697314/mysql-command-does-not-execute-with-the-user-provided,6/8/2015,SF (MYSQL),/users/156485/rhose87,,Database ,dump,,Y,Y,ERROR 1045 (28000): Access denied for user 'some_user'@'host' (using password: YES),N,N,,1,root,OVERGRANT_PRIV,1,1,GRANT ALL,N,0,1(1),1,X_WRN_SUBSYS,0,,,,,
http://serverfault.com/questions/236506/centos-mysql-user,2/16/2011,SF (MYSQL),/users/11509/viraptor,,Database ,login,,Y,Y,ERROR 1045 (28000): Access denied for user 'username'@'localhost' (using password: YES),N,N,,0,,,0,0,,,,,0,,0,,,,,
http://serverfault.com/questions/1923/how-should-i-diagnose-error-1045-during-mysql-installation,5/1/2009,SF (MYSQL),/users/1245/redbluething,,Database ,login,,Y,Y,ERROR 1045: Access denied for user: 'root@localhost' (Using password: YES),N,N,,0,,,0,0,,,,,0,,0,,"Heh, I noticed that 1045 mapped to ""access denied"" when I read the message ""ERROR 1045: Access denied",,,
http://serverfault.com/questions/294008/system-upgrade-introduced-an-unusual-mysql-privilege-error,7/25/2011,SF (MYSQL),/users/984/zoredache,,Database ,dump (view),,Y,Y,mysqldump: Got error: 1045: Access denied for user 'backup'@'%'  (using password: YES) when using LOCK TABLE,N,N,,0,,,0,0,,,,,0,,1,WRN_PARAM,,,,
http://serverfault.com/questions/507914/mysql-working-remotely-but-not-localy,5/15/2013,SF (MYSQL),/users/145938/user1630391,,Database ,login,,Y,Y,SQLSTATE[28000] [1045] Access denied for user 'mysql'@'master.myapp.com' (using password: YES),N,N,,2,GRANT ALL (no password); comment bind,"DISABLE_PROT, OVERGRANT_PRIV",2,0,,,,,2,X_WRN_SUBSYS;X_WRN_PERM,0,,whops ... I forgot to specify the port when using mysql client from shell. Strangely it connected without asking a password.,,,
http://dba.stackexchange.com/questions/115687/connection-to-mysql-fails-via-php-while-command-line-works-fine,9/21/2015,DBA (MYSQL),/users/5068/benjamin,,Database (connector),login,,Y,Y,SQLSTATE[HY000] [1045] Access denied for user 'root'@'localhost' (using password: NO),N,N,,1,GRANT ALL *.*,OVERGRANT_PRIV,1,0,,,,,1,X_WRN_SUBSYS,0,,,,,
http://serverfault.com/questions/563095/cannot-connect-to-mysql-on-aws-through-ssh-tunnel,12/23/2013,SF (MYSQL),/users/203388/abbood,,Database ,login,,Y,Y,ERROR 1130 (HY000): Host '178.135.138.61' is not allowed to connect to this MySQL server,N,aws.log,,1.5,bind 0.0.0.0; GRANT ALL db.*,DISABLE_PROT,1,0.5,grant all db.*,NA,,,1,X_WRN_SUBSYS,0,,educate yourself by reading the documentation,,,
http://serverfault.com/questions/607961/boot2docker-mysql-privileges,6/25/2014,SF (MYSQL),/users/114828/kakawait,,Database ,login,,Y,Y,ERROR 1130 (HY000): Host '192.168.59.3' is not allowed to connect to this MySQL server,N,N,,1,GRANT ALL,OVERGRANT_PRIV,0,0,,,,,0,,0,,"Be careful posting hashes of passwords in public forums. Although it doesn't make any difference in this case, if you had chosen a secret password, posting the hash would allow brute-force cracking to begin. MySQL hashes are not stretched which makes them relatively quick to crack if the password choice is poor.",,,
http://serverfault.com/questions/571993/cant-connect-remotelly-to-mysql-server-from-digitalocean,2/4/2014,SF (MYSQL),/users/160204/lucasmx,,Database ,login,,Y,Y,ERROR 1130 (HY000): Host '192.XXX.XXX.XXX' is not allowed to connect to this MySQL server.,N,N,,0,,,0,0,,,,,0,,0,,"Im so sorry, but im not familiar using MySQL by SSH and i did not understood this command very well...",,,
http://serverfault.com/questions/486710/access-to-mysql-server-via-virtualbox,3/11/2013,SF (MYSQL),/users/163983/defance,,Database ,login,,Y,Y,Host '10.0.2.2' is not allowed to connect to this MySQL server,N,N,,2,GRANT ALL *.*;bind 0.0.0.0,"DISABLE_PROT, OVERGRANT_PRIV",1,0,,,,,1,X_WRN_SUBSYS,0,,why we need to grant all?,,,
http://serverfault.com/questions/457854/with-webmatrix-how-do-i-connect-to-a-mysql-database-on-a-colleagues-machine,12/13/2012,SF (MYSQL),/users/149528/ash-clarke,,Database ,login,,Y,Y,Host 'DESKTOP019-PC' is not allowed to connect to this MySQL server,N,N,,0.5,GRANT ALL on db.*,,0,0,,,,,0,,0,,"I think I need to grant my hostname permissions for this user, but given that I don't know where the database is or how to access it via command line (there's no proper MySQL folder in program files), it's going to prove difficult.",Hate it when a dumb thing takes you ages to find.,It turned out that I had written the username wrong also,
http://serverfault.com/questions/39699/unauthorised-to-connect-to-mysql-server-running-in-vm,7/13/2009,SF (MYSQL),/users/1030/ian,,Database ,login,,Y,Y,Host 'monolith.home' is not allowed to connect to this MySQL server,N,N,,1,GRANT ALL on *.*,OVERGRANT_PRIV,0,0,,,,,0,,0,,GRANT ALL PRIVILEGES on *.* to 'root'@'%.home' IDENTIFIED BY 'password',,,
http://serverfault.com/questions/667527/why-wont-mysql-accept-connections-from-local-programs,2/13/2015,SF (MYSQL),/users/220871/codemed,,Database ,login,,Y,Y,Host 'mydomain.com' is not allowed to connect to this MariaDB server,N,/etc/host,,0,,,0,0,,,,,1,X_WRN_PROB,1,WRN_PROB,"I have since reversed almost all the commands from the tutorial, with the exception of certain script calls whose inverse functions are not known. The error persists after the steps taken so far.",,,
http://serverfault.com/questions/174033/importing-a-mysqldump-file-does-not-import-triggers-due-to-some-permission-probl,8/24/2010,SF (MYSQL),/users/51792/giorgio79,,Database ,import,,Y,Y,ERROR 1227 (42000) at line 22: Access denied; you need (at least one of) the SUPER privilege(s) for this operation,N,N,,0,,,0,0,,,,,0,,0,,,,,
http://serverfault.com/questions/555953/first-attempt-to-migrate-ec2-mysql-to-amazon-rds-no-going-well-super-privilege,11/19/2013,SF (MYSQL),/users/188683/dsl101,,Database ,run stored routine,,Y,Y,ERROR 1227 (42000) at line 22: Access denied; you need (at least one of) the SUPER privilege(s) for this operation,N,perl tool,,0,,,0,0,,,,,2,X_WRN_PROB;X_WRN_PROB,1,WRN_PROB,,,,
http://serverfault.com/questions/290587/update-rds-db-via-mysqlbinlog-you-need-at-least-one-of-the-super-privileges,7/15/2011,SF (MYSQL),/users/56495/timoxley,,Database ,dump,,Y,Y,ERROR 1227 (42000) at line 6: Access denied; you need (at least one of) the SUPER privilege(s) for this operation,N,perl tool,,0,,,0,0,,,,,0,,0,,"Thanks I ended up doing it the most slow, stupid but reliable way possible: just taking the site down, taking a backup and moving the data in one big chunk. Thanks though, I have been wondering how people get around this for nearly a year now.",minimal downtime requirements,,
http://dba.stackexchange.com/questions/20221/mysql-user-permission-on-stored-procedure,7/1/2012,DBA,/users/972/adam-matan,,Database ,execute,,Y,Y,ERROR 1370 (42000): execute command denied to user ''@'localhost' for routine 'test.hello',N,N,,0,,,0,0,,,,,0,,0,,,,,
http://dba.stackexchange.com/questions/9249/how-do-i-change-the-definer-of-a-view-in-mysql,12/16/2011,DBA (MYSQL),/users/5133/kfmfe04,,Database ,Good example?,,Y,Y,mysqldump: Got error: 1449: The user specified as a definer ('root'@'foobar') does not exist when using LOCK TABLES,N,N,,0,,,0,0,,,,,0,,2,WRN_PROB;WRN_SUBSYS,,,,
http://serverfault.com/questions/223467/view-related-privileges-in-mysql,1/17/2011,SF (MYSQL),/users/53516/jason-swett,,Database ,dump,,Y,Y,mysqldump: Couldn't execute 'show create table `view_household`': SHOW VIEW command denied to user 'backup'@'localhost' for table 'view_household' (1142),N,N,,0,,,0,0,,,,,0,,0,,,,,
http://serverfault.com/questions/305452/mysql-deleting-the-sock-file-and-complained-about-the-permission-for-it,8/26/2011,SF (MYSQL),/users/81428/zhuanyi,,Database ,connect,,Y,Y,110826 18:00:22 [ERROR] Can't start server : Bind on unix socket: Permission denied,N,N,,1,1777,DISABLE_PROT,0,1,1777,Y,0,0,0,,2,WRN_SUBSYS;WRN_PROB,,,,
http://serverfault.com/questions/441716/after-creating-a-mysql-user-with-all-privileges-the-user-cannot-create-database,10/24/2012,SF (MYSQL),/users/101111/larry-b,,Database ,create db,,N,N,UNKNOWN,N,N,,1,GRANT ALL *.*,OVERGRANT_PRIV,1,0,,,,,1,X_WRN_PARAM,1,WRN_PROB,,,,
http://dba.stackexchange.com/questions/50258/how-to-join-table-from-different-database-with-different-users-of-database,9/20/2013,DBA (MYSQL),/users/28303/ashwinp,,Database ,select + join,,Y,Y,SELECT command denied to user 'root2'@'127.0.0.2' for table 'Product',N,N,,0.5,GRANT ALL db.*,,0,0,,,,,0,,0,,,,,
http://dba.stackexchange.com/questions/71890/unable-to-import-the-file,7/19/2014,DBA (MYSQL),/users/40918/karthick,,Database ,load,,Y,Y,ERROR 13 (HY000): Can't get stat of '/var/lib/mysql/home/karthick.g.s/Desktop/karthick.csv' (Errcode: 2),N,N,,0,,,0,0,,,,,0,,0,,,,,
http://dba.stackexchange.com/questions/13828/access-denied-for-user-myuser10-to-database-mydb-mysql-import-sql-scrip,2/24/2012,DBA (MYSQL),/users/2709/nick,,Database ,mysqldump,,Y,Y,UNKNOWN,N,N,,0,,,0,0,,,,,0,,0,,,,,
https://lists.mysql.com/mysql/37682,5/17/2000,ML (MYSQL),gnnix/Neil,permissions - where?,Database ,,,N,N,UNKNOWN,N,N,,0,,,0,1,--skip-show-databases.,N,,,0,,0,,,"I have spent ages looking for the details on the permission tables in mysql, in FAQs, the documentation, and books (yes, printed books) but still cannot find an answer to this question.",,
https://lists.mysql.com/mysql/83837,8/28/2001,ML (MYSQL),Pierre-Yves,ERROR 1044: Access denied,Database ,connect,,Y,Y,ERROR 1044: Access denied for user: '@localhost' to database 'hello',N,N,use correct user name,0,,,0,0,,,,,1,X_WRN_PARAM,0,,,,,
https://lists.mysql.com/mysql/142391,6/11/2003,ML (MYSQL),sinan,not allowed to connect to this mysql server,Database ,,,Y,Y,My ip' is not allowed to connect to this mysql server,N,N,,0,,,0,0,,,,,0,,0,,,,,
https://lists.mysql.com/mysql/135535,3/25/2003,ML (MYSQL),katherine bjork,mysql install---help please,Database ,,,Y,Y,Warning:  mysql_connect() [function.mysql-connect]: Access denied for user: 'root@localhost' (Using password: NO) ,N,N,,0,,,0,0,,,,,1,,0,,,"Please don't point me to the mysql.org page...been there I do not understand the ""grants et al"". Need plain english as in explicit instruction on what to do.",,
https://lists.mysql.com/mysql/155810,12/16/2003,ML (MYSQL),ads mysql,How to create mysql user?,Database ,,,Y,Y,ERROR 1045: Access denied for user: 'abc@localhost' (Using password: YES),N,N,,0,,,0,0,,,,,0,,0,,,,,
https://lists.mysql.com/mysql/199821,7/11/2006,ML (MYSQL),John Doolan,Manually enabling root access from remote machine,Database ,conenct,,Y,N,UNKNOWN,N,N,,0,,,0,1,GRANT ALL *.*,N,,,0,,0,,,,,
https://lists.mysql.com/mysql/210537,12/20/2007,ML (MYSQL),Victor Subervi,Problems Adding User,Database ,,,Y,Y,"ERROR 1396 (HY000): Operation CREATE USER failed for 'myuser'@'%' 1044, ""Access denied for user 'myuser'@'%' to database 'data1'""",N,N,,0,,,0,0,,,,,0,,1,WRN_PARAM,,,,
https://lists.mysql.com/mysql/121093,10/1/2002,ML (MYSQL),Alec.Cawley,Privileges for CREATE TEMPORARY TABLE?,Database ,,,Y,Y,ERROR 1045: Access denied for user: 'alec@stripped' (Using password: NO),N,N,,0.5,GRANT ALL alec.*,,0,0,,,,,0,,0,,,,,
https://lists.mysql.com/mysql/33562,4/7/2000,ML (MYSQL),Elizabeth Alvanas,Database admin problem,Database ,,,Y,Y,ERROR 1045: Access denied for user: 'administrator@localhost' (Using password: YES),N,N,,0,,,0,1,GRANT ALL *.*,N,,,1,X_WRN_PROB (not using grant so need flush),0,,,,,
https://lists.mysql.com/mysql/59240,12/17/2000,ML (MYSQL),Gustavo Vieira Goncalves Coelho Rios,cannot acces fields in a table,Database ,,,Y,Y,ERROR 1044: Acesso negado ao usuario : 'afs@localhost' ao banco de dados 'apm',N,N,,0,,,0,0,,,,,1,X_WRN_PERM,0,,,,,
https://lists.mysql.com/mysql/80760,7/26/2001,ML (MYSQL),cjackson/Jackson,I can kill it but Can't stop mysqld,Database ,,,N,N,UNKNOWN,N,N,login as the user who has that privilege,0,,,0,1,GRANT SHUTDOWN ON *.*,N,,,1,X_WRN_SUBSYS,0,,,http://lists-mysql-adc.oracle.com/mysql/80728,,
https://lists.mysql.com/mysql/92923,12/3/2001,ML (MYSQL),Demirchyan Oganes-AOD098,Granting Access in MySQL,Database ,,,N,N,,N,N,,0,,,0,1,GRANT select on *.*,N,,,1,X_WRN_PERM,0,,,,,
https://lists.mysql.com/mysql/134433,3/13/2003,ML (MYSQL),Paul Larue,MySQL Client on Linux won't connect to MySQL Server on XP,Database ,,,Y,Y,ERROR 1130: Host '10.0.0.220' is not allowed to connect to this MySQL server,N,N,,0,,,0,1,GRANT ALL *.*,N,,,1,X_WRN_PROB,0,,,,,
https://lists.mysql.com/mysql/34600,4/19/2000,ML (MYSQL),Christopher R. Jones,Missing User Privs on reboot,Database ,,,N,N,,N,N,,1,GRANT ALL *.*,OVERGRANT_PRIV,0,0,,,,,0,,0,,,,,
https://lists.mysql.com/mysql/229188,4/2/2013,ML (MYSQL),Richard Reina,Please Help. selectcol_arrayref problem,Database ,,,Y,Y,,N,N,grant it,0,,,0,0,,,,,1,X_WRN_PERM,0,,,,,
https://lists.mysql.com/mysql/19237,11/21/1999,ML (MYSQL),Wipro (CORP) Unix-Contractor,Problem in connecting to MySQL via ODBC on NT,Database ,,,Y,Y,Access denied for user: 'mohan@' [using password:YES],N,N,grant the privilege to the client,1,grant all on *.*,OVERGRANT_PRIV,1,1,grant all on *.*,Y,,,1,X_WRN_SUBSYS,,,,"Simplest solution, although not the most secure one  is that You should grant yourself some rights on  server like this:",,
https://lists.mysql.com/mysql/217873,6/15/2009,ML (MYSQL),Adam Williams,restoring mysql db doesn't restore user passwords,Database ,old_password,,Y,Y,ERROR 1045 (28000): Access denied for user 'adam'@'localhost' (using password: YES),N,N,,0,,,0,0,,,,,0,,0,,,,,
http://serverfault.com/questions/207035/show-engines-does-not-list-innodb,11/29/2010,SF (MYSQL),/users/61896/nuclearflox,,External (Filesystem),file/dir,,Y,Y,/usr/sbin/mysqld: Can't create/write to file '/tmp/ibnGBtbE' (Errcode: 13),N,N,,1,777,DISABLE_PROT,0,1,777,Y,0,1(3),0,,0,,,,,
http://serverfault.com/questions/482994/how-do-i-change-ownership-permissions-of-a-mounted-virtualbox-shared-folder-in-d,2/27/2013,SF (MYSQL),/users/29449/tom-j-nowell,,External (Filesystem),file/dir,,Y,Y,#007/usr/sbin/mysqld: Can't find file: './mysql/plugin.frm' (errno: 13),N,N,,1,777,DISABLE_PROT,0,1,777,Y,0,1(1),1,X_WRN_SUBSYS,0,,,,,
http://serverfault.com/questions/523206/ubuntu-mysql-server-connection,7/14/2013,SF (MYSQL),/users/180267/user1032283,,External (Filesystem),file/dir,,Y,Y,^G/usr/sbin/mysqld: Can't find file: './mysql/plugin.frm' (errno: 13),N,df,,0,,,0,0,,,,,2,X_BLIND_GUNSHOT;X_WRN_PROB,1,WRN_PROB,,,,
http://serverfault.com/questions/543725/cant-start-mysql-5-6-installed-via-macports-on-os-x-10-8-5-new-install-errno,10/4/2013,SF (MYSQL),/users/68248/steve-jorgensen,,External (Filesystem),file/dir,,Y,Y,Can't find file: './mysql/plugin.frm' (errno: 13 - Permission denied),N,N,,0,,,0,0,,,,,0,,0,,"Doh! I thought the group ownership was enough, but didn't notice that the group rw permissions were not present on mysql, performance_schema and test directories",,,
http://serverfault.com/questions/404007/symbolic-link-to-mysql-database,7/2/2012,SF (MYSQL),/users/79650/john,,External (Filesystem),file/dir,,Y,Y,MySQL error: 1017 (Can't find file: './dbname/tbl201206.frm' (errno: 13)),N,N,,0,,,0,0,,,,,0,,1,WRN_SUBSYS,,,,
http://serverfault.com/questions/601350/monit-issues-with-mysql-ubuntu-server-12-04,6/3/2014,SF (MYSQL),/users/176972/eko3alpha,,External (Filesystem),file/dir,,Y,Y,Jun  2 23:47:07 MySQL-Dev monit[13034]: monit: Error opening the pidfile '/var/run/mysqld/mysqld.pid' -- Permission denied,N,N,,1,run as root,OVERGRANT_PRIV,0,1,run as root,Y,0,0,0,,0,,"This was exactly the problem! I thought by using ""sudo"" it would run monit under root.",,,
http://serverfault.com/questions/83950/my-cnf-parameters-to-enable-binary-logging-mysql-4-1-20,11/12/2009,SF (MYSQL),/users/25848/kevin-jones,,External (Filesystem),file/dir,,Y,Y,/usr/libexec/mysqld: File '/var/log/mysql/tts_db.000001' not found (Errcode: 13),N,N,,0,,,0,0,,,,,0,,0,,Precisely. mysqld has dropped it's root privileges by this point.,,,
http://dba.stackexchange.com/questions/80742/cant-start-mysql-server-because-of-wrong-file-permissions,10/21/2014,DBA (MYSQL),/users/7169/qazwsx,,External (Filesystem),file/dir,,Y,N,[ERROR] InnoDB: ./ibdata1 can't be opened in read-write mode; [ERROR] InnoDB: The system tablespace must be writable!,N,N,,0,,,0,0,,,,,0,,1,WRN_PROB,,,,
http://serverfault.com/questions/189212/what-is-wrong-with-my-permissions,10/8/2010,SF (MYSQL),/users/52106/matt,,External (Filesystem),file/dir,,Y,Y,ERROR 1018 (HY000): Can't read dir of '.' (errno: 13),N,N,,0,,,0,0,,,,,0,,0,,,,,
http://serverfault.com/questions/149684/mysql-permissions-error-when-showing-databases,6/9/2010,SF (MYSQL),/users/25834/tony,,External (Filesystem),file/dir,,Y,Y,ERROR 1018 (HY000): Can't read dir of '.' (errno: 13),N,N,,0,,,0,0,,,,,0,,0,,,do you know were you database files are kept,,
http://serverfault.com/questions/620278/percona-startup-fails-mysql-cant-access-directory-for-file-creation,8/13/2014,SF (MYSQL),/users/145941/zencodism,,External (Filesystem),file/dir,,Y,Y,File name ./ibdata1; File operation call: 'create'.,N,N,,1,777,DISABLE_PROT,1,0,,,,,3,X_WRN_PARAM;X_WRN_PROB;X_WRN_PARAM,0,,I do not know in what directory the file should be created. Files with this name exist in /var/lib/mysql/ and /home/percona/data/,,,
https://lists.mysql.com/mysql/114690,7/16/2002,ML (MYSQL),Aaron Axelsen,Mysql wil lnot load,External (Filesystem),file/dir,,Y,Y,020715 23:40:08  /usr/local/mysql/libexec/mysqld: Can't create/write to file '/usr/local/mysql/var/Alpha.pid' (Errcode: 13),N,N,,0,,,0,0,,,,,0,,0,,,,,
https://lists.mysql.com/mysql/96627,1/17/2002,ML (MYSQL),Travis Farmer,MySQL can't find table forms.,External (Filesystem),file/dir,,Y,Y,Can't find file: './qwerty/table1.frm' (errno: 13),N,N,chown,0,,,0,0,,,,,2,X_BLIND_GUNSHOT;X_BLIND_GUNSHOT,0,,,,,
https://lists.mysql.com/mysql/120197,9/21/2002,ML (MYSQL),toby -,access denied ????,External (Filesystem),file/dir,,Y,Y,Error on rename of '.\zabandb\ctnt_inf.MYI' to '.\zabandb\#sql2-5b0-7e.MYI' (Errcode: 13),N,perror,chown,2,"GRANT ALL *, 777","DISABLE_PROT, OVERGRANT_PRIV",2,1,777,Y,,,2,X_WRN_SUBSYS;X_WRN_SUBSYS,0,,but i still dont know what to do to fix this thing up ????,,,
http://serverfault.com/questions/434382/mysql-server-fails-to-start,10/3/2012,SF (MYSQL),/users/122604/nicolas-thery,,External (Filesystem),UNKNOWN (either file/dir or dir traversal),,Y,Y,121004 14:26:57 [ERROR] mysqld: Can't find file: './mysql/host.frm' (errno: 13)121004 14:26:57 [ERROR] Fatal error: Can't open and lock privilege tables: Can't find file: './mysql/host.frm' (errno: 13),N,perror,,0,,,0,1,777,N,1(-3),0,0,,NA,,,,,
https://lists.mysql.com/mysql/224747,4/2/2011,ML (MYSQL),Thomas Dineen,Mysql Bug 04/01/11,External (Filesystem),UNKNOWN (FS or KSM),,Y,Y,Can't find file: './mysql/host.frm' (errno: 13),N,N,,1,777,DISABLE_PROT,1,0,,,,,2,X_WRN_PROB;X_WRN_PARAM,0,,,"For me, having an installation script (mysql_install_db) that fails without giving a warning, i.e. it apparently doesn't create what it is built for is a bug.",,
https://lists.mysql.com/mysql/226886,2/29/2012,ML (MYSQL),Elim Qiu,mysql for os x 10.6 (64bit) cannot start service,External (Filesystem/KSM),UNKNOWN (FS or KSM),,N,N,120229 10:36:09 [ERROR] Can't open the mysql.plugin table. Please run mysql_upgrade to create it.,N,N,use sudo,0,,,0,1,777,N,,,0,,0,,,I found the MySQL document is often difficult to read, Where the error log should be?,
https://lists.mysql.com/mysql/107744,5/1/2002,ML (MYSQL),Paul Fabris,Error repairing: how do you Recreate an Index?,External (Filesystem/KSM),UNKNOWN (FS or KSM),,Y,Y,error: File '/.../x.MYD' not found (Errcode: 13),N,N,,0,,,0,0,,,,,0,X_WRN_PROB,0,,,"I swear the file is there, where it's looking for it.",,
http://serverfault.com/questions/620329/mariadb-service-wont-start-on-freebsd-jail,8/14/2014,SF (MYSQL),/users/41952/purpler,,External (Filesystem),umask,,N,N,/usr/sbin/daemon: Permission denied,N,N,,0,,,0,0,,,,,0,,0,,Not sure what permissions this error is referring to.,,,
https://lists.mysql.com/mysql/85718,9/18/2001,ML (MYSQL),Mark Johnson,Can't get MySQL running on RH7.0 at all.,External (Filesystem/KSM),dir traversal,,Y,Y,010917 11:26:38  /usr/libexec/mysqld: Can't find file: './mysql/host.frm' (errno: 13),N,N,,0,,,0,1,a+x,N,,,0,,1,WRN_PARAM,,,,
https://lists.mysql.com/mysql/222568,8/18/2010,ML (MYSQL),jitendra ranjan,MySQL Server has gone away,External (Filesystem/KSM),dir traversal,,Y,Y,Failed to open the relay log,N,N,change the permission of the file,0,,,0,0,,,,,1,X_WRN_SUBSYS,0,,,,,
http://serverfault.com/questions/734961/mysql-system-account-unable-to-write-to-logs-on-centos-6-7,11/9/2015,SF (MYSQL),/users/99864/justacodemonkey,,External (Filesystem),dir traversal,,Y,Y,"cannot write to ""/var/log/mysql/mysql-bin.index",N,N,,1,SELinux is disabled,DISABLE_PROT,1,0,,,,,1,X_WRN_SUBSYS,0,,,,,
https://lists.mysql.com/mysql/155336,12/9/2003,ML (MYSQL),PaweÅ‚ Filutowski,Problem with mysqlimport,External (Filesystem),dir traversal,,Y,Y,"mysqlimport: Error: Can't get stat of '/root/mysql/gwarancje.txt' (Errcode: 13),  when using table: gwarancje",N,N,,1,777,DISABLE_PROT,1,0,,,,,2,X_WRN_PARAM; X_WRN_PROB,1,WRN_PROB,,,,
http://serverfault.com/questions/109717/permission-problems-of-mysql-under-debian,2/4/2010,SF (MYSQL),/users/4959/dadadom,,External (Filesystem),dir traversal,,Y,Y,Feb  4 19:38:13 kermit mysqld: 100204 19:38:13 [ERROR] Can't start server : Bind on unix socket: Permission denied; Feb  4 19:38:13 kermit mysqld: 100204 19:38:13 [ERROR] Do you already have another mysqld server running on socket: /var/run/mysqld/mysqld.sock ?,N,N,,0,unnecessary 755,DOWNGRADE_PERM,0,1,unnecessary 755,Y,0,0,0,,2,WRN_PROB;WRN_PROB,,,,
http://serverfault.com/questions/334284/cant-create-pid-file-on-mysql-server-permission-denied,11/23/2011,SF (MYSQL),/users/101966/james-barnhill,,External (Filesystem),dir traversal,,Y,Y,/usr/local/mysql/bin/mysqld: Can't create/write to file '/usr/local/mysql/data/James-Barnhills-Mac-Pro.local.pid' (Errcode: 13) Can't start server: can't create PID file: Permission denied ,N,N,,0,,,0,0,,,,,1,X_BLIND_GUNSHOT,0,,Its not because you start mysql as root that its actuality started as that user.,,,
http://serverfault.com/questions/613967/mysql-mysqld-safe-works-but-unable-to-start-mysql-service-why,7/20/2014,SF (MYSQL),/users/233580/user34814,,External (KSM),SELinux,,Y,N,Starting MySQL. ERROR! The server quit without updating PID,N,N,,0,,,0,0,,,,,0,,2,BLIND_GUNSHOT;WRN_SUBSYS,,,,
http://serverfault.com/questions/20650/fixing-cant-find-file-errno-13-on-mysql,6/5/2009,SF (MYSQL),/users/4315/c0bra,,External (KSM),SELinux,,Y,Y,Can't find file: './schema_name/table_name.frm' (errno: 13),N,N,,1,777,DISABLE_PROT,1,1,permissive,N,0,1(4),2,X_WRN_PROB;X_WRN_SUBSYS;X_WRN_SUBSYS,3,WRN_SUBSYS;WRN_SUBSYS;WRN_SUBSYS,"The only thing I can find through googling is people who had this problem because of actual ownership or permission errors, which does not seem to be the case for me.",,,
http://serverfault.com/questions/751383/mysql-error-code-1017-permission-denied,1/24/2016,SF (MYSQL),/users/333668/radi,,External (KSM),SELinux,,Y,Y,Error Code: 1017. Can't find file: './nordwind/artikel.frm' (errno: 13 - Permission denied),N,N,,1,777,DISABLE_PROT,1,0,,,,,1,X_WRN_SUBSYS,0,,,,,
http://serverfault.com/questions/697110/mysql-tables-read-only-after-move-from-failing-hd,6/6/2015,SF (MYSQL),/users/134370/user16081-joet,,External (KSM),SELinux,,Y,Y,a ton of errors in the web server log about tables being read-only,N,N,,1,echo 0 > /selinux/enforce,DISABLE_PROT,0,1,disable selinux,Y,0,1(1),2,X_WRN_SUBSYS; X_WRN_SUBSYS,0,,,,,
http://serverfault.com/questions/185952/mysql-connection-failed-in-mediawiki-installation-but-successful-from-command-li,9/29/2010,SF (MYSQL),/users/21307/jake-wilson,,External (KSM),SELinux,,Y,Y,Attempting to connect to database server as wikiuser...failed with error [2003] Can't connect to MySQL server on 'mysql.ourdomain.com' (13).,N,N,,1,Setting it to permissive fixed the problem,DISABLE_PROT,0,0,,,,,0,,1,WRN_PROB,Man... Trying to troubleshoot SELinux-related problems on a server is such a pain.,,,
http://serverfault.com/questions/583797/cant-login-to-remote-mariadb-server-with-phpmyadmin-but-works-in-shell,3/22/2014,SF (MYSQL),/users/122112/rafael,,External (KSM),SELinux,,N,N,Cannot log in the MySQL server,N,N,,0,,,0,0,,,,,0,,0,,"Using mysql command to connect from the web server to the database server and using the same user/password, I can successfully connect to the database server.","Oh, that's stupid. phpMyAdmin doesn't even show the entire error message!",,
http://serverfault.com/questions/310904/cannot-start-mysql-5-5-as-normal-user-fedora-15,9/13/2011,SF (MYSQL),/users/53917/stephen-j-fuhry,,External (KSM),SELinux/AppArmor,,Y,Y,InnoDB: The error means mysqld does not have the access rights to InnoDB: the directory. InnoDB: File name /home/mysql/prod/ibdata1 InnoDB: File operation call: 'open'. InnoDB: Cannot continue operation.,N,N,,0,,,0,0,,,,,0,,0,,,,,
http://serverfault.com/questions/145499/mysql-udf-fopen-permission-denied,5/26/2010,SF (MYSQL),/users/23585/pierre,,External (KSM),AppArmor,,N,N,UNKNOWN,Y,N,,1,777,DISABLE_PROT,1,0,,,,,0,,0,,,,,
http://serverfault.com/questions/227565/moving-mysql-datadir-not-working-problems-with-symlink-in-conf-d,1/27/2011,SF (MYSQL),/users/53998/the-shurrican,,External (KSM),AppArmor,,Y,Y,110127 11:57:58 [ERROR] Fatal error: Can't open and lock privilege tables: Table 'mysql.host' doesn't exist,N,N,,0,,,0,0,,,,,2,X_WRN_SUBSYS;X_WRN_PERM,1,WRN_SUBSYS,,,,
http://serverfault.com/questions/644303/cant-create-write-to-file-mnt-temp-something-errcode-13,11/14/2014,SF (MYSQL),/users/162730/ut-xd,,External (KSM),AppArmor,,Y,Y,Can't create/write to file '/mnt/temp/something' (Errcode: 13),N,N,,1,777,DISABLE_PROT,1,0,,,,,1,X_WRN_SUBSYS,0,,,,,
http://serverfault.com/questions/258709/attempted-to-change-database-drive-resulted-in-cant-connect-to-local-mysql-ser,4/12/2011,SF (MYSQL),/users/52636/kit-sunde,,External (KSM),AppArmor,,Y,Y,/usr/sbin/mysqld: Can't find file: './mysql/plugin.frm' (errno: 13),N,N,,1,disable apparmor,DISABLE_PROT,0,0,,,,,2,X_BLIND_GUNSHOT; X_WRN_SUBSYS,4,WRN_SUBSYS;WRN_SUBSYS; WRN_SUBSYS; WRN_SUBSYS,I feel bad for taking up so much time for such a trivial issue,,,
http://serverfault.com/questions/473789/mysql-doesnt-start-after-relocating-data-dir,1/30/2013,SF (MYSQL),/users/121085/king-nak,,External (KSM),AppArmor,,Y,Y,Can't find file: './mysql/plugin.frm' (errno: 13),N,N,,1,777,DISABLE_PROT,1,0,,,,,2,X_BLIND_GUNSHOT;X_WRN_SUBSYS,0,WRN_PROB;WRN_SUBSYS,"However, this file does exist and is readable!",Matt I didn't think about AppArmor... Simply solved my problem.,,
http://dba.stackexchange.com/questions/57424/recover-an-innodb-mysql-database-from-an-ebs-on-ec2,1/23/2014,DBA (MYSQL),/users/30437/imad-touil,,External (KSM),AppArmor,,Y,Y,mysqld: Can't find file: './mysql/plugin.frm' (errno: 13),N,N,,0,,,0,0,,,,,0,,1,WRN_SUBSYS,"You can also put mysql profile in complain mode using ""sudo aa-complain""",,,
http://serverfault.com/questions/256254/mysql-server-doesnt-startup,4/6/2011,SF (MYSQL),/users/77334/b-f,,External (KSM),AppArmor,,Y,Y,/usr/sbin/mysqld: File '/mysql/logs/mysql-slow.log' not found (Errcode: 13),N,N,,0,,,0,0,,,,,0,,1,WRN_SUBSYS;WRN_SUBSYS,My guess is that...,,,
http://serverfault.com/questions/85111/mysql-select-into-outfile-fails-with-cifs-mounted-volume,11/16/2009,SF (MYSQL),/users/1813/steve-schnepp,,External (KSM),AppArmor,,Y,Y,ERROR 1 (HY000): Can't create/write to file '/mnt/backup/test/mytable.txt' (Errcode: 2),N,strace,,0,,,0,0,,,,,0,,2,WRN_PROB;WRN_SUBSYS,,,,
http://serverfault.com/questions/143805/unable-to-enable-innodb-in-mysql-on-ubuntu-10-04,5/20/2010,SF (MYSQL),/users/36233/spowers,,External (KSM),AppArmor,,Y,N,ERROR 1123 (HY000): Can't initialize function 'InnoDB'; Plugin initialization function failed.,N,N,,0,,,0,0,,,,,0,,3,WRN_PROB;WRN_PROB;WRN_SUBSYS,,,,
http://serverfault.com/questions/118825/centos-system-occasional-has-issues-with-permissions-mysql-service,3/3/2010,SF (MYSQL),/users/36633/savageguy,,Other (File Access),disk failure protection,,Y,N,I have read only permissions everywhere which is what I suspect is the cause of the mysql server dying,N,N,,0,,,0,0,,,,,0,,0,,It's always occurred when the kernel detected a problem with the file system (xfs in my case). The kernel put the file system into a read-only state.,need system info!,check your kernel log message buffer BEFORE YOU REBOOT for any indications of a disk error,
https://lists.mysql.com/mysql/166603,6/2/2004,ML (MYSQL),Fred Aswad,Help With Remotely Connecting to MySQL Database,Other,cannot connect,,Y,Y,ERROR 2003: Can't connect to MySQL server on '192.168.1.101' (10061),N,N,,2,GRANT ALL *.*; remove password,"DISABLE_PROT, OVERGRANT_PRIV",1,0,,,,,2,X_WRN_SUBSYS; X_WRN_SUBSYS,1,WRN_SUBSYS,,,,
https://lists.mysql.com/mysql/136594,4/7/2003,ML (MYSQL),Marnix Petrarca,Problems connecting to MySQL DB on port 3306 (3.23.54a-4) with any Management Client.,Other,,,Y,Y,[192.168.199.149] ERROR 2013: Lost connection to MySQL server during query,N,N,,1,"all firewalling capabilities are disabled, ipchains, iptables services are not running. Security settings disabled",DISABLE_PROT,1,0,,,,,1,X_WRN_SUBSYS,0,,,,,
https://lists.mysql.com/mysql/116520,8/6/2002,ML (MYSQL),Ian Zabel,Can't connect remotely to new mysql installation,Other,ip tables,,Y,Y,ERROR 2003: Can't connect to MySQL server on '192.168.1.101' (10061),N,N,,2,no root pwd; GRANT ALL *.*,"DISABLE_PROT, OVERGRANT_PRIV",2,0,,,,,2,X_WRN_SUBSYS,1,WRN_PROB,,,,
https://lists.mysql.com/mysql/190981,10/28/2005,ML (MYSQL),Johannes B. Ullrich,"random permission denied"" issues""",Other,resource,,Y,Y,SELECT command denied to user 'user'@'host' for table 'example',N,N,modify my.cnf/ check the lock,0,,,0,0,,,,,0,,0,,,,,